Title,Cleaned_Title
Vice President,Vice President
Chairman,Chairman
President,President
Owner,Owner
Co-Owner,Co-Owner
Founder,Founder
Founding Partner,Founding Partner
Co-Founder,Co-Founder
CEO,CEO
COO,COO
CUO,CUO
Chief Executive Officer,Chief Executive Officer
Chief Financial Officer,Chief Financial Officer
Chief Operating Officer,Chief Operating Officer
Chief Technology Officer,Chief Technology Officer
Chief Information Officer,Chief Information Officer
Chief Marketing Officer,Chief Marketing Officer
Chief Sales Officer,Chief Sales Officer
Chief Human Resources Officer,Chief Human Resources Officer
Chief Legal Officer,Chief Legal Officer
Chief Strategy Officer,Chief Strategy Officer
Chief Innovation Officer,Chief Innovation Officer
Chief Communications Officer,Chief Communications Officer
Chief Diversity Officer,Chief Diversity Officer
Chief Risk Officer,Chief Risk Officer
Chief Compliance Officer,Chief Compliance Officer
Chief Security Officer,Chief Security Officer
Chief Procurement Officer,Chief Procurement Officer
Chief Investment Officer,Chief Investment Officer
Chief Ethics Officer,Chief Ethics Officer
Chief Administrative Officer,Chief Administrative Officer
Chief Experience Officer,Chief Experience Officer
Chief Brand Officer,Chief Brand Officer
Chief Social Media Officer,Chief Social Media Officer
Chief Environmental Officer,Chief Environmental Officer
Chief Content Officer,Chief Content Officer
Chief Talent Officer,Chief Talent Officer
Chief Community Officer,Chief Community Officer
Chief Product Officer,Chief Product Officer
Chief Project Officer,Chief Project Officer
Chief Logistics Officer,Chief Logistics Officer
Chief Client Officer,Chief Client Officer
Chief Production Officer,Chief Production Officer
Chief Facilities Officer,Chief Facilities Officer
Chief Health Officer,Chief Health Officer
Chief Wellness Officer,Chief Wellness Officer
Chief Administration Officer,Chief Administration Officer
Chief Digital Officer,Chief Digital Officer
Chief Asset Officer,Chief Asset Officer
Chief Information Security Officer,Chief Information Security Officer
Chief Customer Experience Officer,Chief Customer Experience Officer
Chief Change Officer,Chief Change Officer
Chief Business Intelligence Officer,Chief Business Intelligence Officer
Chief E-commerce Officer,Chief E-commerce Officer
Chief Network Officer,Chief Network Officer
Chief User Experience Officer,Chief User Experience Officer
Chief Software Officer,Chief Software Officer
Chief Business Process Officer,Chief Business Process Officer
Chief Mobile Officer,Chief Mobile Officer
Chief Database Officer,Chief Database Officer
Chief Cloud Officer,Chief Cloud Officer
Chief Cybersecurity Officer,Chief Cybersecurity Officer
Chief DevOps Officer,Chief DevOps Officer
Chief Artificial Intelligence Officer,Chief Artificial Intelligence Officer
Chief Machine Learning Officer,Chief Machine Learning Officer
Chief Virtual Reality Officer,Chief Virtual Reality Officer
Chief Augmented Reality Officer,Chief Augmented Reality Officer
Chief Blockchain Officer,Chief Blockchain Officer
Chief Robotics Officer,Chief Robotics Officer
Chief Quantum Computing Officer,Chief Quantum Computing Officer
Chief Internet of Things Officer,Chief Internet of Things Officer
Chief Data Science Officer,Chief Data Science Officer
Chief Bioinformatics Officer,Chief Bioinformatics Officer
Chief Biotechnology Officer,Chief Biotechnology Officer
Chief Nanotechnology Officer,Chief Nanotechnology Officer
Chief Renewable Energy Officer,Chief Renewable Energy Officer
Chief Space Exploration Officer,Chief Space Exploration Officer
Chief Aerospace Engineering Officer,Chief Aerospace Engineering Officer
Chief Telecommunications Officer,Chief Telecommunications Officer
Chief Cryptocurrency Officer,Chief Cryptocurrency Officer
Chief Gaming Officer,Chief Gaming Officer
Chief Virtual Assistant Officer,Chief Virtual Assistant Officer
Chief Wearable Technology Officer,Chief Wearable Technology Officer
Chief Autonomous Vehicles Officer,Chief Autonomous Vehicles Officer
Chief Smart Cities Officer,Chief Smart Cities Officer
Chief Health Informatics Officer,Chief Health Informatics Officer
Chief Financial Technology Officer,Chief Financial Technology Officer
Chief Educational Technology Officer,Chief Educational Technology Officer
Chief Legal Technology Officer,Chief Legal Technology Officer
Chief Food Technology Officer,Chief Food Technology Officer
Chief Agricultural Technology Officer,Chief Agricultural Technology Officer
Chief Clean Energy Technology Officer,Chief Clean Energy Technology Officer
Chief Transportation Technology Officer,Chief Transportation Technology Officer
Chief Supply Chain Technology Officer,Chief Supply Chain Technology Officer
Chief Retail Technology Officer,Chief Retail Technology Officer
Chief Hospitality Technology Officer,Chief Hospitality Technology Officer
Chief Entertainment Technology Officer,Chief Entertainment Technology Officer
Director of Marketing,Director of Marketing
Director of Sales,Director of Sales
Director of Finance,Director of Finance
Director of Operations,Director of Operations
Director of Human Resources,Director of Human Resources
Director of Information Technology,Director of Information Technology
Director of Engineering,Director of Engineering
Director of Product Management,Director of Product Management
Director of Customer Success,Director of Customer Success
Director of Business Development,Director of Business Development
Director of Quality Assurance,Director of Quality Assurance
Director of Research and Development,Director of Research and Development
Director of Communications,Director of Communications
Director of Design,Director of Design
Director of Procurement,Director of Procurement
Director of Compliance,Director of Compliance
Director of Legal Affairs,Director of Legal Affairs
Director of Public Relations,Director of Public Relations
Director of Supply Chain,Director of Supply Chain
Director of Training and Development,Director of Training and Development
Director of Strategic Initiatives,Director of Strategic Initiatives
Director of Analytics,Director of Analytics
Director of Strategy,Director of Strategy
Director of Corporate Development,Director of Corporate Development
Director of IT Infrastructure,Director of IT Infrastructure
Director of Security,Director of Security
Director of Facilities Management,Director of Facilities Management
Director of Talent Acquisition,Director of Talent Acquisition
Director of Diversity and Inclusion,Director of Diversity and Inclusion
Director of Event Planning,Director of Event Planning
Director of Brand Management,Director of Brand Management
Director of Social Media,Director of Social Media
Director of Environmental Health and Safety,Director of Environmental Health and Safety
Director of Content,Director of Content
Director of Risk Management,Director of Risk Management
Director of Innovation,Director of Innovation
Director of Regulatory Affairs,Director of Regulatory Affairs
Director of Partnerships,Director of Partnerships
Director of International Business,Director of International Business
Director of Financial Planning and Analysis,Director of Financial Planning and Analysis
Director of Sustainability,Director of Sustainability
Director of Project Management,Director of Project Management
Director of Sales Operations,Director of Sales Operations
Director of Logistics,Director of Logistics
Director of Client Services,Director of Client Services
Director of Health and Wellness,Director of Health and Wellness
Director of Production,Director of Production
Director of Administration,Director of Administration
Director of Digital Transformation,Director of Digital Transformation
Director of Asset Management,Director of Asset Management
Director of Information Security,Director of Information Security
Director of Customer Experience,Director of Customer Experience
Director of Change Management,Director of Change Management
Director of Business Intelligence,Director of Business Intelligence
Director of E-commerce,Director of E-commerce
Director of Network Operations,Director of Network Operations
Director of User Experience,Director of User Experience
Director of Software Development,Director of Software Development
Director of Business Process Improvement,Director of Business Process Improvement
Director of Mobile Development,Director of Mobile Development
Director of Database Management,Director of Database Management
Director of Cloud Computing,Director of Cloud Computing
Director of Cybersecurity,Director of Cybersecurity
Director of DevOps,Director of DevOps
Director of Artificial Intelligence,Director of Artificial Intelligence
Director of Machine Learning,Director of Machine Learning
Director of Virtual Reality,Director of Virtual Reality
Director of Augmented Reality,Director of Augmented Reality
Director of Blockchain,Director of Blockchain
Director of Robotics,Director of Robotics
Director of Quantum Computing,Director of Quantum Computing
Director of Internet of Things,Director of Internet of Things
Director of Data Science,Director of Data Science
Director of Bioinformatics,Director of Bioinformatics
Director of Biotechnology,Director of Biotechnology
Director of Nanotechnology,Director of Nanotechnology
Director of Renewable Energy,Director of Renewable Energy
Director of Space Exploration,Director of Space Exploration
Director of Aerospace Engineering,Director of Aerospace Engineering
Director of Telecommunications,Director of Telecommunications
Director of Robotics Engineering,Director of Robotics Engineering
Director of Cryptocurrency,Director of Cryptocurrency
Director of Gaming,Director of Gaming
Director of Virtual Assistant Development,Director of Virtual Assistant Development
Director of Wearable Technology,Director of Wearable Technology
Director of Autonomous Vehicles,Director of Autonomous Vehicles
Director of Smart Cities,Director of Smart Cities
Director of Health Informatics,Director of Health Informatics
Director of Financial Technology,Director of Financial Technology
Director of Educational Technology,Director of Educational Technology
Director of Legal Technology,Director of Legal Technology
Director of Food Technology,Director of Food Technology
Director of Agricultural Technology,Director of Agricultural Technology
Director of Clean Energy Technology,Director of Clean Energy Technology
Director of Transportation Technology,Director of Transportation Technology
Director of Supply Chain Technology,Director of Supply Chain Technology
Director of Retail Technology,Director of Retail Technology
Director of Hospitality Technology,Director of Hospitality Technology
Director of Entertainment Technology,Director of Entertainment Technology
Director of Government Contracts,Director of Government Contracts
Customer Service Director,Customer Service Director
Managing Director,Managing Director
Marketing and IT Director,Marketing and IT Director
Commercial Director,Commercial Director
Director of Revenue Management,Director of Revenue Management
Director of eBusiness,Director of eBusiness
Director of Construction,Director of Construction
Sales & Marketing Director,Sales & Marketing Director
Director of HR,Director of HR
Director of Safety and Risk Management,Director of Safety and Risk Management
Event Director,Event Director
Director of Sales & Marketing,Director of Sales & Marketing
Division Operations Director,Division Operations Director
Fleet Maintenance Director,Fleet Maintenance Director
Director Marketing & Exports,Director Marketing & Exports
Director of Operations,Director of Operations
Director of Sales & Marketing,Director of Sales & Marketing
Marketing Manager,Marketing Manager
Account Manager,Account Manager
Sales Manager,Sales Manager
Finance Manager,Finance Manager
Operations Manager,Operations Manager
Human Resources Manager,Human Resources Manager
Information Technology Manager,Information Technology Manager
Engineering Manager,Engineering Manager
Product Management Manager,Product Management Manager
Customer Success Manager,Customer Success Manager
Business Development Manager,Business Development Manager
Quality Assurance Manager,Quality Assurance Manager
Research and Development Manager,Research and Development Manager
Communications Manager,Communications Manager
Design Manager,Design Manager
Procurement Manager,Procurement Manager
Compliance Manager,Compliance Manager
Legal Affairs Manager,Legal Affairs Manager
Public Relations Manager,Public Relations Manager
Supply Chain Manager,Supply Chain Manager
Training and Development Manager,Training and Development Manager
Strategic Initiatives Manager,Strategic Initiatives Manager
Analytics Manager,Analytics Manager
Strategy Manager,Strategy Manager
Corporate Development Manager,Corporate Development Manager
IT Infrastructure Manager,IT Infrastructure Manager
Security Manager,Security Manager
Facilities Management Manager,Facilities Management Manager
Talent Acquisition Manager,Talent Acquisition Manager
Diversity and Inclusion Manager,Diversity and Inclusion Manager
Event Planning Manager,Event Planning Manager
Brand Management Manager,Brand Management Manager
Social Media Manager,Social Media Manager
Environmental Health and Safety Manager,Environmental Health and Safety Manager
Content Manager,Content Manager
Risk Management Manager,Risk Management Manager
Innovation Manager,Innovation Manager
Regulatory Affairs Manager,Regulatory Affairs Manager
Partnerships Manager,Partnerships Manager
International Business Manager,International Business Manager
Financial Planning and Analysis Manager,Financial Planning and Analysis Manager
Sustainability Manager,Sustainability Manager
Project Management Manager,Project Management Manager
Sales Operations Manager,Sales Operations Manager
Logistics Manager,Logistics Manager
Client Services Manager,Client Services Manager
Health and Wellness Manager,Health and Wellness Manager
Production Manager,Production Manager
Administration Manager,Administration Manager
Digital Transformation Manager,Digital Transformation Manager
Asset Management Manager,Asset Management Manager
Information Security Manager,Information Security Manager
Customer Experience Manager,Customer Experience Manager
Change Management Manager,Change Management Manager
Business Intelligence Manager,Business Intelligence Manager
E-commerce Manager,E-commerce Manager
Network Operations Manager,Network Operations Manager
User Experience Manager,User Experience Manager
Software Development Manager,Software Development Manager
Business Process Improvement Manager,Business Process Improvement Manager
Mobile Development Manager,Mobile Development Manager
Database Management Manager,Database Management Manager
Cloud Computing Manager,Cloud Computing Manager
Cybersecurity Manager,Cybersecurity Manager
DevOps Manager,DevOps Manager
Artificial Intelligence Manager,Artificial Intelligence Manager
Machine Learning Manager,Machine Learning Manager
Virtual Reality Manager,Virtual Reality Manager
Augmented Reality Manager,Augmented Reality Manager
Blockchain Manager,Blockchain Manager
Robotics Manager,Robotics Manager
Quantum Computing Manager,Quantum Computing Manager
Internet of Things Manager,Internet of Things Manager
Data Science Manager,Data Science Manager
Bioinformatics Manager,Bioinformatics Manager
Biotechnology Manager,Biotechnology Manager
Nanotechnology Manager,Nanotechnology Manager
Renewable Energy Manager,Renewable Energy Manager
Space Exploration Manager,Space Exploration Manager
Aerospace Engineering Manager,Aerospace Engineering Manager
Telecommunications Manager,Telecommunications Manager
Robotics Engineering Manager,Robotics Engineering Manager
Cryptocurrency Manager,Cryptocurrency Manager
Gaming Manager,Gaming Manager
Virtual Assistant Development Manager,Virtual Assistant Development Manager
Wearable Technology Manager,Wearable Technology Manager
Autonomous Vehicles Manager,Autonomous Vehicles Manager
Smart Cities Manager,Smart Cities Manager
Health Informatics Manager,Health Informatics Manager
Financial Technology Manager,Financial Technology Manager
Educational Technology Manager,Educational Technology Manager
Legal Technology Manager,Legal Technology Manager
Food Technology Manager,Food Technology Manager
Agricultural Technology Manager,Agricultural Technology Manager
Clean Energy Technology Manager,Clean Energy Technology Manager
Transportation Technology Manager,Transportation Technology Manager
Supply Chain Technology Manager,Supply Chain Technology Manager
Retail Technology Manager,Retail Technology Manager
Hospitality Technology Manager,Hospitality Technology Manager
Entertainment Technology Manager,Entertainment Technology Manager
Sales Specialist,Sales Specialist
Financial Analyst,Financial Analyst
Operations Manager,Operations Manager
Human Resources Coordinator,Human Resources Coordinator
IT Specialist,IT Specialist
Mechanical Engineer,Mechanical Engineer
Product Manager,Product Manager
Customer Success Manager,Customer Success Manager
Business Development Specialist,Business Development Specialist
Quality Assurance Engineer,Quality Assurance Engineer
Research Scientist,Research Scientist
Communications Specialist,Communications Specialist
Graphic Designer,Graphic Designer
Procurement Specialist,Procurement Specialist
Compliance Officer,Compliance Officer
Legal Counsel,Legal Counsel
Public Relations Specialist,Public Relations Specialist
Supply Chain Manager,Supply Chain Manager
Training and Development Specialist,Training and Development Specialist
Strategic Initiatives Manager,Strategic Initiatives Manager
Data Analyst,Data Analyst
Strategy Consultant,Strategy Consultant
Corporate Development Manager,Corporate Development Manager
IT Infrastructure Specialist,IT Infrastructure Specialist
Security Analyst,Security Analyst
Facilities Manager,Facilities Manager
Talent Acquisition Specialist,Talent Acquisition Specialist
Diversity and Inclusion Specialist,Diversity and Inclusion Specialist
Event Planner,Event Planner
Brand Manager,Brand Manager
Social Media Specialist,Social Media Specialist
Safety Coordinator,Safety Coordinator
Content Creator,Content Creator
Risk Manager,Risk Manager
Innovation Specialist,Innovation Specialist
Regulatory Affairs Specialist,Regulatory Affairs Specialist
Partnerships Manager,Partnerships Manager
International Business Specialist,International Business Specialist
Financial Planner,Financial Planner
Sustainability Manager,Sustainability Manager
Project Manager,Project Manager
Sales Operations Manager,Sales Operations Manager
Logistics Coordinator,Logistics Coordinator
Client Services Specialist,Client Services Specialist
Health and Wellness Coordinator,Health and Wellness Coordinator
Production Manager,Production Manager
Administrative Assistant,Administrative Assistant
Digital Transformation Specialist,Digital Transformation Specialist
Asset Manager,Asset Manager
Information Security Specialist,Information Security Specialist
Customer Experience Specialist,Customer Experience Specialist
Change Management Specialist,Change Management Specialist
Founder Director,Founder Director
Founding Director,Founding Director
Financial Director,Financial Director